<?xml version="1.0" encoding="UTF-8"?>
<project-private xmlns="http://www.netbeans.org/ns/project-private/1">
    <editor-bookmarks xmlns="http://www.netbeans.org/ns/editor-bookmarks/2" lastBookmarkId="0"/>
    <open-files xmlns="http://www.netbeans.org/ns/projectui-open-files/2">
        <group>
            <file>file:/C:/Rizky/M.Rizki/AlgoC1/src/Pertemuan2/Operator.java</file>
        </group>
        <group name="JAVA">
            <file>file:/C:/Algoritma%20dan%20Pemrograman/Praktikum/AlgoC1/src/Pertemuan3/Latihan_IfElse.java</file>
            <file>file:/C:/Algoritma%20dan%20Pemrograman/Praktikum/AlgoC1/src/Pertemuan3/Latihan_switch_case.java</file>
            <file>file:/C:/Algoritma%20dan%20Pemrograman/Praktikum/AlgoC1/src/Pertemuan3/PercabanganIf.java</file>
            <file>file:/C:/Algoritma%20dan%20Pemrograman/Praktikum/AlgoC1/src/Pertemuan3/Latihan_elseif.java</file>
            <file>file:/C:/Algoritma%20dan%20Pemrograman/Praktikum/AlgoC1/src/Pertemuan3/Percabangan_ifelse.java</file>
            <file>file:/C:/Algoritma%20dan%20Pemrograman/Praktikum/AlgoC1/src/Pertemuan2/Operator.java</file>
            <file>file:/C:/Algoritma%20dan%20Pemrograman/Praktikum/AlgoC1/src/Pertemuan3/elseif.java</file>
        </group>
    </open-files>
</project-private>
